{
  "accuracy": 0.9192236450028187,
  "precision_macro": 0.39641665361124084,
  "recall_macro": 0.3219618841906108,
  "f1_macro": 0.34340347862843135
}