{
  "accuracy": 0.954364816531991,
  "precision_macro": 0.7874264805768172,
  "recall_macro": 0.5966889934781798,
  "f1_macro": 0.6543119636625998
}