{
  "logistic_regression": {
    "accuracy": 0.6740818563858944,
    "precision_macro": 0.4432996427748746,
    "recall_macro": 0.7650233529182733,
    "f1_macro": 0.47855103393016496,
    "f1_weighted": 0.7374719010206497,
    "auc_ovr": 0.9145577163232504,
    "train_time_sec": 63.094414710998535
  },
  "decision_tree": {
    "accuracy": 0.8911017723369268,
    "precision_macro": 0.6161965081653772,
    "recall_macro": 0.8476938325229411,
    "f1_macro": 0.6845863025421496,
    "f1_weighted": 0.9058239083891175,
    "auc_ovr": 0.9197138052175788,
    "train_time_sec": 11.401708602905273
  },
  "lstm": {
    "accuracy": 0.9638680796638042,
    "precision_macro": 0.829991774886488,
    "recall_macro": 0.9026788867703178,
    "f1_macro": 0.8582833681083997,
    "f1_weighted": 0.9669038476878067,
    "auc_ovr": 0.9878484507133043,
    "train_time_sec": 58.77577590942383
  },
  "bilstm": {
    "accuracy": 0.9654211584140325,
    "precision_macro": 0.832197139602332,
    "recall_macro": 0.873252202146725,
    "f1_macro": 0.8505340959350874,
    "f1_weighted": 0.9656973631873084,
    "auc_ovr": 0.9828011653525962,
    "train_time_sec": 70.50832223892212
  }
}