{
  "logistic_regression": {
    "accuracy": 0.6574547780010963,
    "precision_macro": 0.4407547347950148,
    "recall_macro": 0.7615657026605769,
    "f1_macro": 0.47110746017266364,
    "f1_weighted": 0.7242592527759252,
    "auc_ovr": 0.9082524991404618,
    "train_time_sec": 20.080811500549316
  },
  "decision_tree": {
    "accuracy": 0.8731500091357574,
    "precision_macro": 0.5811985248103675,
    "recall_macro": 0.813508676344815,
    "f1_macro": 0.6521099171239715,
    "f1_weighted": 0.8890449731065019,
    "auc_ovr": 0.907239170698333,
    "train_time_sec": 4.314098358154297
  },
  "lstm": {
    "accuracy": 0.956194043486205,
    "precision_macro": 0.7849704374242136,
    "recall_macro": 0.7944580851140197,
    "f1_macro": 0.7792009534277413,
    "f1_weighted": 0.956490539051055,
    "auc_ovr": 0.9713395455601507,
    "train_time_sec": 108.10749959945679
  },
  "bilstm": {
    "accuracy": 0.9702631098118034,
    "precision_macro": 0.8553940289839993,
    "recall_macro": 0.870282580605535,
    "f1_macro": 0.8597631435141464,
    "f1_weighted": 0.9700844480479637,
    "auc_ovr": 0.9802624399896146,
    "train_time_sec": 311.8626940250397
  }
}